chr,from.coord,to.coord,type
chr10,0,0,gap
chr10,0,1100000,domain
chr10,1100000,3100000,domain
chr10,3100000,4600000,domain
chr10,4600000,5300000,domain
chr10,5300000,7500000,domain
chr10,7500000,8900000,domain
chr10,8900000,10900000,domain
chr10,10900000,12700000,domain
chr10,12700000,13600000,domain
chr10,13600000,14300000,domain
chr10,14300000,16000000,domain
chr10,16000000,16600000,domain
chr10,16600000,17700000,domain
chr10,17700000,18700000,domain
chr10,18700000,19800000,domain
chr10,19800000,21000000,domain
chr10,21000000,22100000,domain
chr10,22100000,23500000,domain
chr10,23500000,24100000,domain
chr10,24100000,26400000,domain
chr10,26400000,27600000,domain
chr10,27600000,29600000,domain
chr10,29600000,30700000,domain
chr10,30700000,32100000,domain
chr10,32100000,33900000,domain
chr10,33900000,34500000,domain
chr10,34500000,35800000,domain
chr10,35800000,37000000,domain
chr10,37000000,38200000,domain
chr10,38200000,39500000,domain
chr10,39500000,40200000,domain
chr10,40200000,41000000,domain
chr10,41000000,42500000,domain
chr10,42500000,45000000,domain
chr10,45000000,46100000,domain
chr10,46100000,48000000,domain
chr10,48000000,49300000,domain
chr10,49300000,51000000,domain
chr10,51000000,51800000,domain
chr10,51800000,53000000,domain
chr10,53000000,54000000,domain
chr10,54000000,54700000,domain
chr10,54700000,55300000,domain
chr10,55300000,56000000,domain
chr10,56000000,58400000,domain
chr10,58400000,59800000,domain
chr10,59800000,60500000,domain
chr10,60500000,61400000,domain
chr10,61400000,62800000,domain
chr10,62800000,64700000,domain
chr10,64700000,65900000,domain
chr10,65900000,68100000,domain
chr10,68100000,69200000,domain
chr10,69200000,69900000,domain
chr10,69900000,70800000,domain
chr10,70800000,73500000,domain
chr10,73500000,74100000,domain
chr10,74100000,76600000,domain
chr10,76600000,78800000,domain
chr10,78800000,79800000,domain
chr10,79800000,80900000,domain
chr10,80900000,81700000,domain
chr10,81700000,83700000,domain
chr10,83700000,85300000,domain
chr10,85300000,86400000,domain
chr10,86400000,88100000,domain
chr10,88100000,89100000,domain
chr10,89100000,89800000,domain
chr10,89800000,91300000,domain
chr10,91300000,92100000,domain
chr10,92100000,94800000,domain
chr10,94800000,98100000,domain
chr10,98100000,100200000,domain
chr10,100200000,101700000,domain
chr10,101700000,102300000,domain
chr10,102300000,103300000,domain
chr10,103300000,104600000,domain
chr10,104600000,105300000,domain
chr10,105300000,107300000,domain
chr10,107300000,108700000,domain
chr10,108700000,109800000,domain
chr10,109800000,110600000,domain
chr10,110600000,111800000,domain
chr10,111800000,113200000,domain
chr10,113200000,114900000,domain
chr10,114900000,117400000,domain
chr10,117400000,119100000,domain
chr10,119100000,120800000,domain
chr11,0,0,gap
chr11,0,600000,domain
chr11,600000,1400000,domain
chr11,1400000,2000000,domain
chr11,2000000,3200000,domain
chr11,3200000,3800000,domain
chr11,3800000,6100000,domain
chr11,6100000,7300000,domain
chr11,7300000,8200000,domain
chr11,8200000,9100000,domain
chr11,9100000,10100000,domain
chr11,10100000,11500000,domain
chr11,11500000,12700000,domain
chr11,12700000,14500000,domain
chr11,14500000,15900000,domain
chr11,15900000,17200000,domain
chr11,17200000,18000000,domain
chr11,18000000,19800000,domain
chr11,19800000,21300000,domain
chr11,21300000,22000000,domain
chr11,22000000,25400000,domain
chr11,25400000,26700000,domain
chr11,26700000,27700000,domain
chr11,27700000,28500000,domain
chr11,28500000,30200000,domain
chr11,30200000,31400000,domain
chr11,31400000,33300000,domain
chr11,33300000,34200000,domain
chr11,34200000,35500000,domain
chr11,35500000,37600000,domain
chr11,37600000,39100000,domain
chr11,39100000,40200000,domain
chr11,40200000,41300000,domain
chr11,41300000,42100000,domain
chr11,42100000,42800000,domain
chr11,42800000,44300000,domain
chr11,44300000,46700000,domain
chr11,46700000,48700000,domain
chr11,48700000,50800000,domain
chr11,50800000,52000000,domain
chr11,52000000,53800000,domain
chr11,53800000,55700000,domain
chr11,55700000,56900000,domain
chr11,56900000,58200000,domain
chr11,58200000,59900000,domain
chr11,59900000,61600000,domain
chr11,61600000,62300000,domain
chr11,62300000,64400000,domain
chr11,64400000,65200000,domain
chr11,65200000,67000000,domain
chr11,67000000,68000000,domain
chr11,68000000,69900000,domain
chr11,69900000,71100000,domain
chr11,71100000,72200000,domain
chr11,72200000,72900000,domain
chr11,72900000,73900000,domain
chr11,73900000,75200000,domain
chr11,75200000,75800000,domain
chr11,75800000,77200000,domain
chr11,77200000,78600000,domain
chr11,78600000,80200000,domain
chr11,80200000,81200000,domain
chr11,81200000,82300000,domain
chr11,82300000,83100000,domain
chr11,83100000,83800000,domain
chr11,83800000,86400000,domain
chr11,86400000,87200000,domain
chr11,87200000,88500000,domain
chr11,88500000,89500000,domain
chr11,89500000,90400000,domain
chr11,90400000,91900000,domain
chr11,91900000,93300000,domain
chr11,93300000,94900000,domain
chr11,94900000,96300000,domain
chr11,96300000,97200000,domain
chr11,97200000,97800000,domain
chr11,97800000,98800000,domain
chr11,98800000,99400000,domain
chr11,99400000,101800000,domain
chr11,101800000,103900000,domain
chr11,103900000,104600000,domain
chr11,104600000,105400000,domain
chr11,105400000,108300000,domain
chr11,108300000,109300000,domain
chr11,109300000,110800000,domain
chr11,110800000,112400000,domain
chr11,112400000,113000000,domain
chr11,113000000,113800000,domain
chr11,113800000,114900000,domain
chr11,114900000,115700000,domain
chr11,115700000,117000000,domain
chr11,117000000,117800000,domain
chr11,117800000,119100000,domain
chr12,0,0,gap
chr12,0,300000,domain
chr12,300000,900000,domain
chr12,900000,1700000,domain
chr12,1700000,3000000,domain
chr12,3000000,3700000,domain
chr12,3700000,4700000,domain
chr12,4700000,6600000,domain
chr12,6600000,7800000,domain
chr12,7800000,8600000,domain
chr12,8600000,10000000,domain
chr12,10000000,10800000,domain
chr12,10800000,11700000,domain
chr12,11700000,13000000,domain
chr12,13000000,13600000,domain
chr12,13600000,14900000,domain
chr12,14900000,16800000,domain
chr12,16800000,18000000,domain
chr12,18000000,20000000,domain
chr12,20000000,21500000,domain
chr12,21500000,23600000,domain
chr12,23600000,24200000,domain
chr12,24200000,24800000,domain
chr12,24800000,25500000,domain
chr12,25500000,26400000,domain
chr12,26400000,28200000,domain
chr12,28200000,29800000,domain
chr12,29800000,31400000,domain
chr12,31400000,33000000,domain
chr12,33000000,34200000,domain
chr12,34200000,35900000,domain
chr12,35900000,36900000,domain
chr12,36900000,37400000,domain
chr12,37400000,38800000,domain
chr12,38800000,39900000,domain
chr12,39900000,40900000,domain
chr12,40900000,41900000,domain
chr12,41900000,42600000,domain
chr12,42600000,43400000,domain
chr12,43400000,45400000,domain
chr12,45400000,46600000,domain
chr12,46600000,47600000,domain
chr12,47600000,48900000,domain
chr12,48900000,50500000,domain
chr12,50500000,51800000,domain
chr12,51800000,52600000,domain
chr12,52600000,54600000,domain
chr12,54600000,55300000,domain
chr12,55300000,56600000,domain
chr12,56600000,59200000,domain
chr12,59200000,60400000,domain
chr12,60400000,61000000,domain
chr12,61000000,61900000,domain
chr12,61900000,62900000,domain
chr12,62900000,64200000,domain
chr12,64200000,65800000,domain
chr12,65800000,66600000,domain
chr12,66600000,67300000,domain
chr12,67300000,69000000,domain
chr12,69000000,70000000,domain
chr12,70000000,71400000,domain
chr12,71400000,72300000,domain
chr12,72300000,73300000,domain
chr12,73300000,74400000,domain
chr12,74400000,76500000,domain
chr12,76500000,78500000,domain
chr12,78500000,79500000,domain
chr12,79500000,81000000,domain
chr12,81000000,81700000,domain
chr12,81700000,82400000,domain
chr12,82400000,84000000,domain
chr12,84000000,84600000,domain
chr12,84600000,85200000,domain
chr12,85200000,86800000,domain
chr12,86800000,87500000,domain
chr12,87500000,89300000,domain
chr12,89300000,90700000,domain
chr12,90700000,92300000,domain
chr12,92300000,93600000,domain
chr12,93600000,94500000,domain
chr12,94500000,95800000,domain
chr12,95800000,96700000,domain
chr12,96700000,97500000,domain
chr12,97500000,99600000,domain
chr12,99600000,100200000,domain
chr12,100200000,102000000,domain
chr12,102000000,103100000,domain
chr12,103100000,104400000,domain
chr12,104400000,105400000,domain
chr12,105400000,106100000,domain
chr12,106100000,106700000,domain
chr12,106700000,108300000,domain
chr12,108300000,109000000,domain
chr12,109000000,111400000,domain
chr12,111400000,112100000,domain
chr12,112100000,115600000,domain
chr12,115600000,116400000,domain
chr12,116400000,117900000,domain
chr12,117900000,119300000,domain
chr12,119300000,120200000,domain
chr13,0,0,gap
chr13,0,1000000,domain
chr13,1000000,2900000,domain
chr13,2900000,4700000,domain
chr13,4700000,6300000,domain
chr13,6300000,7000000,domain
chr13,7000000,7800000,domain
chr13,7800000,8500000,domain
chr13,8500000,9600000,domain
chr13,9600000,10500000,domain
chr13,10500000,11200000,domain
chr13,11200000,12200000,domain
chr13,12200000,13000000,domain
chr13,13000000,14700000,domain
chr13,14700000,16000000,domain
chr13,16000000,17800000,domain
chr13,17800000,19200000,domain
chr13,19200000,20700000,domain
chr13,20700000,21700000,domain
chr13,21700000,23000000,domain
chr13,23000000,24000000,domain
chr13,24000000,25200000,domain
chr13,25200000,27000000,domain
chr13,27000000,28200000,domain
chr13,28200000,29400000,domain
chr13,29400000,30000000,domain
chr13,30000000,34400000,domain
chr13,34400000,36200000,domain
chr13,36200000,37400000,domain
chr13,37400000,38800000,domain
chr13,38800000,41300000,domain
chr13,41300000,42600000,domain
chr13,42600000,44200000,domain
chr13,44200000,46300000,domain
chr13,46300000,47500000,domain
chr13,47500000,49500000,domain
chr13,49500000,50600000,domain
chr13,50600000,51300000,domain
chr13,51300000,52100000,domain
chr13,52100000,53800000,domain
chr13,53800000,54500000,domain
chr13,54500000,56500000,domain
chr13,56500000,57900000,domain
chr13,57900000,59300000,domain
chr13,59300000,61700000,domain
chr13,61700000,62800000,domain
chr13,62800000,66000000,domain
chr13,66000000,67900000,domain
chr13,67900000,69000000,domain
chr13,69000000,72100000,domain
chr13,72100000,72800000,domain
chr13,72800000,73700000,domain
chr13,73700000,74500000,domain
chr13,74500000,75500000,domain
chr13,75500000,76500000,domain
chr13,76500000,78800000,domain
chr13,78800000,80600000,domain
chr13,80600000,81300000,domain
chr13,81300000,83100000,domain
chr13,83100000,84100000,domain
chr13,84100000,84900000,domain
chr13,84900000,86400000,domain
chr13,86400000,87200000,domain
chr13,87200000,88100000,domain
chr13,88100000,89200000,domain
chr13,89200000,90200000,domain
chr14,0,0,gap
chr14,0,1500000,domain
chr14,1500000,2100000,domain
chr14,2100000,4200000,domain
chr14,4200000,5100000,domain
chr14,5100000,8400000,domain
chr14,8400000,9300000,domain
chr14,9300000,10300000,domain
chr14,10300000,11200000,domain
chr14,11200000,12300000,domain
chr14,12300000,13500000,domain
chr14,13500000,14300000,domain
chr14,14300000,15600000,domain
chr14,15600000,16900000,domain
chr14,16900000,17700000,domain
chr14,17700000,18700000,domain
chr14,18700000,21500000,domain
chr14,21500000,24600000,domain
chr14,24600000,25100000,domain
chr14,25100000,26200000,domain
chr14,26200000,29300000,domain
chr14,29300000,30600000,domain
chr14,30600000,31700000,domain
chr14,31700000,33000000,domain
chr14,33000000,34100000,domain
chr14,34100000,36100000,domain
chr14,36100000,37000000,domain
chr14,37000000,37800000,domain
chr14,37800000,39200000,domain
chr14,39200000,40300000,domain
chr14,40300000,41500000,domain
chr14,41500000,42700000,domain
chr14,42700000,44300000,domain
chr14,44300000,45500000,domain
chr14,45500000,46600000,domain
chr14,46600000,47300000,domain
chr14,47300000,49100000,domain
chr14,49100000,49900000,domain
chr14,49900000,50700000,domain
chr14,50700000,51900000,domain
chr14,51900000,52600000,domain
chr14,52600000,53100000,domain
chr14,53100000,55100000,domain
chr14,55100000,56200000,domain
chr14,56200000,57300000,domain
chr14,57300000,58800000,domain
chr14,58800000,60100000,domain
chr14,60100000,63400000,domain
chr14,63400000,65000000,domain
chr14,65000000,66300000,domain
chr14,66300000,67200000,domain
chr14,67200000,68400000,domain
chr14,68400000,69600000,domain
chr14,69600000,71000000,domain
chr14,71000000,71800000,domain
chr14,71800000,72600000,domain
chr14,72600000,75400000,domain
chr14,75400000,76500000,domain
chr14,76500000,77700000,domain
chr14,77700000,79900000,domain
chr14,79900000,80700000,domain
chr14,80700000,82300000,domain
chr14,82300000,82800000,domain
chr15,0,0,gap
chr15,0,200000,domain
chr15,200000,1000000,domain
chr15,1000000,1600000,domain
chr15,1600000,5100000,domain
chr15,5100000,6300000,domain
chr15,6300000,8200000,domain
chr15,8200000,9700000,domain
chr15,9700000,11100000,domain
chr15,11100000,12000000,domain
chr15,12000000,13600000,domain
chr15,13600000,14300000,domain
chr15,14300000,15000000,domain
chr15,15000000,15800000,domain
chr15,15800000,17100000,domain
chr15,17100000,18800000,domain
chr15,18800000,20400000,domain
chr15,20400000,22400000,domain
chr15,22400000,23800000,domain
chr15,23800000,25000000,domain
chr15,25000000,26900000,domain
chr15,26900000,27700000,domain
chr15,27700000,28500000,domain
chr15,28500000,29500000,domain
chr15,29500000,30600000,domain
chr15,30600000,31900000,domain
chr15,31900000,34200000,domain
chr15,34200000,34900000,domain
chr15,34900000,35600000,domain
chr15,35600000,36400000,domain
chr15,36400000,37000000,domain
chr15,37000000,37800000,domain
chr15,37800000,38500000,domain
chr15,38500000,40500000,domain
chr15,40500000,41600000,domain
chr15,41600000,43100000,domain
chr15,43100000,44300000,domain
chr15,44300000,45400000,domain
chr15,45400000,46400000,domain
chr15,46400000,47400000,domain
chr15,47400000,48300000,domain
chr15,48300000,49900000,domain
chr15,49900000,51100000,domain
chr15,51100000,52000000,domain
chr15,52000000,52900000,domain
chr15,52900000,53800000,domain
chr15,53800000,55100000,domain
chr15,55100000,56200000,domain
chr15,56200000,57100000,domain
chr15,57100000,57800000,domain
chr15,57800000,58900000,domain
chr15,58900000,59700000,domain
chr15,59700000,60300000,domain
chr15,60300000,62700000,domain
chr15,62700000,65400000,domain
chr15,65400000,67400000,domain
chr15,67400000,68900000,domain
chr15,68900000,69600000,domain
chr15,69600000,70700000,domain
chr15,70700000,72800000,domain
chr15,72800000,73500000,domain
chr15,73500000,74200000,domain
chr15,74200000,74900000,domain
chr15,74900000,76300000,domain
chr16,0,0,gap
chr16,0,700000,domain
chr16,700000,1300000,domain
chr16,1300000,2000000,domain
chr16,2000000,3000000,domain
chr16,3000000,4400000,domain
chr16,4400000,5200000,domain
chr16,5200000,6700000,domain
chr16,6700000,8600000,domain
chr16,8600000,9300000,domain
chr16,9300000,10900000,domain
chr16,10900000,11600000,domain
chr16,11600000,13400000,domain
chr16,13400000,14200000,domain
chr16,14200000,15200000,domain
chr16,15200000,16600000,domain
chr16,16600000,17500000,domain
chr16,17500000,18500000,domain
chr16,18500000,19300000,domain
chr16,19300000,20200000,domain
chr16,20200000,21200000,domain
chr16,21200000,22900000,domain
chr16,22900000,24800000,domain
chr16,24800000,26000000,domain
chr16,26000000,27000000,domain
chr16,27000000,27700000,domain
chr16,27700000,28900000,domain
chr16,28900000,29800000,domain
chr16,29800000,30800000,domain
chr16,30800000,32600000,domain
chr16,32600000,33100000,domain
chr16,33100000,34400000,domain
chr16,34400000,35100000,domain
chr16,35100000,36300000,domain
chr16,36300000,37200000,domain
chr16,37200000,41300000,domain
chr16,41300000,42300000,domain
chr16,42300000,45700000,domain
chr16,45700000,46800000,domain
chr16,46800000,48700000,domain
chr16,48700000,50400000,domain
chr16,50400000,51400000,domain
chr16,51400000,52300000,domain
chr16,52300000,53100000,domain
chr16,53100000,53900000,domain
chr16,53900000,54800000,domain
chr16,54800000,57000000,domain
chr16,57000000,58500000,domain
chr16,58500000,59900000,domain
chr16,59900000,60900000,domain
chr16,60900000,62300000,domain
chr16,62300000,63700000,domain
chr16,63700000,64500000,domain
chr16,64500000,66200000,domain
chr16,66200000,67800000,domain
chr16,67800000,69100000,domain
chr16,69100000,70300000,domain
chr16,70300000,71400000,domain
chr16,71400000,71900000,domain
chr17,0,0,gap
chr17,0,900000,domain
chr17,900000,2500000,domain
chr17,2500000,3400000,domain
chr17,3400000,5300000,domain
chr17,5300000,7000000,domain
chr17,7000000,7900000,domain
chr17,7900000,9500000,domain
chr17,9500000,10600000,domain
chr17,10600000,11700000,domain
chr17,11700000,12800000,domain
chr17,12800000,14100000,domain
chr17,14100000,15200000,domain
chr17,15200000,16000000,domain
chr17,16000000,17500000,domain
chr17,17500000,18800000,domain
chr17,18800000,19700000,domain
chr17,19700000,21100000,domain
chr17,21100000,23200000,domain
chr17,23200000,24600000,domain
chr17,24600000,25400000,domain
chr17,25400000,26200000,domain
chr17,26200000,27600000,domain
chr17,27600000,28700000,domain
chr17,28700000,30000000,domain
chr17,30000000,31200000,domain
chr17,31200000,32300000,domain
chr17,32300000,33500000,domain
chr17,33500000,34900000,domain
chr17,34900000,36800000,domain
chr17,36800000,37400000,domain
chr17,37400000,38300000,domain
chr17,38300000,39100000,domain
chr17,39100000,40600000,domain
chr17,40600000,41800000,domain
chr17,41800000,45200000,domain
chr17,45200000,46200000,domain
chr17,46200000,47200000,domain
chr17,47200000,48200000,domain
chr17,48200000,49600000,domain
chr17,49600000,50300000,domain
chr17,50300000,51000000,domain
chr17,51000000,51900000,domain
chr17,51900000,52500000,domain
chr17,52500000,53800000,domain
chr17,53800000,54900000,domain
chr17,54900000,56200000,domain
chr17,56200000,57300000,domain
chr17,57300000,57900000,domain
chr17,57900000,58500000,domain
chr17,58500000,59500000,domain
chr17,59500000,60600000,domain
chr17,60600000,62600000,domain
chr17,62600000,63400000,domain
chr17,63400000,64700000,domain
chr17,64700000,65700000,domain
chr17,65700000,66500000,domain
chr17,66500000,67200000,domain
chr17,67200000,68500000,domain
chr17,68500000,69500000,domain
chr17,69500000,71100000,domain
chr17,71100000,72600000,domain
chr18,0,0,gap
chr18,0,800000,domain
chr18,800000,2500000,domain
chr18,2500000,3100000,domain
chr18,3100000,3800000,domain
chr18,3800000,4900000,domain
chr18,4900000,5600000,domain
chr18,5600000,6400000,domain
chr18,6400000,8200000,domain
chr18,8200000,9600000,domain
chr18,9600000,10400000,domain
chr18,10400000,11100000,domain
chr18,11100000,13900000,domain
chr18,13900000,15000000,domain
chr18,15000000,15700000,domain
chr18,15700000,16800000,domain
chr18,16800000,18500000,domain
chr18,18500000,20100000,domain
chr18,20100000,22300000,domain
chr18,22300000,23400000,domain
chr18,23400000,24600000,domain
chr18,24600000,25600000,domain
chr18,25600000,27400000,domain
chr18,27400000,29100000,domain
chr18,29100000,32600000,domain
chr18,32600000,34200000,domain
chr18,34200000,35900000,domain
chr18,35900000,37500000,domain
chr18,37500000,40200000,domain
chr18,40200000,41800000,domain
chr18,41800000,42600000,domain
chr18,42600000,44500000,domain
chr18,44500000,46100000,domain
chr18,46100000,47700000,domain
chr18,47700000,48700000,domain
chr18,48700000,49600000,domain
chr18,49600000,51100000,domain
chr18,51100000,52500000,domain
chr18,52500000,53500000,domain
chr18,53500000,57200000,domain
chr18,57200000,58900000,domain
chr18,58900000,60600000,domain
chr18,60600000,62700000,domain
chr18,62700000,64100000,domain
chr18,64100000,66900000,domain
chr18,66900000,67800000,domain
chr18,67800000,69100000,domain
chr18,69100000,70300000,domain
chr19,0,0,gap
chr19,0,500000,domain
chr19,500000,1000000,domain
chr19,1000000,1600000,domain
chr19,1600000,2600000,domain
chr19,2600000,4400000,domain
chr19,4400000,5400000,domain
chr19,5400000,6600000,domain
chr19,6600000,8300000,domain
chr19,8300000,9500000,domain
chr19,9500000,11200000,domain
chr19,11200000,12500000,domain
chr19,12500000,14100000,domain
chr19,14100000,16100000,domain
chr19,16100000,17000000,domain
chr19,17000000,18000000,domain
chr19,18000000,19200000,domain
chr19,19200000,22100000,domain
chr19,22100000,23600000,domain
chr19,23600000,25400000,domain
chr19,25400000,26600000,domain
chr19,26600000,28200000,domain
chr19,28200000,30900000,domain
chr19,30900000,31900000,domain
chr19,31900000,33600000,domain
chr19,33600000,38500000,domain
chr19,38500000,39800000,domain
chr19,39800000,40900000,domain
chr19,40900000,41700000,domain
chr19,41700000,43000000,domain
chr19,43000000,45100000,domain
chr19,45100000,46700000,domain
chr19,46700000,49100000,domain
chr19,49100000,50500000,domain
chr19,50500000,51200000,domain
chr19,51200000,52000000,domain
chr19,52000000,53000000,domain
chr19,53000000,53400000,domain
chr1,0,0,gap
chr1,0,1100000,domain
chr1,1100000,1800000,domain
chr1,1800000,2500000,domain
chr1,2500000,5000000,domain
chr1,5000000,6800000,domain
chr1,6800000,8200000,domain
chr1,8200000,9300000,domain
chr1,9300000,9900000,domain
chr1,9900000,10800000,domain
chr1,10800000,11400000,domain
chr1,11400000,13300000,domain
chr1,13300000,14600000,domain
chr1,14600000,16500000,domain
chr1,16500000,17700000,domain
chr1,17700000,18300000,domain
chr1,18300000,19000000,domain
chr1,19000000,20800000,domain
chr1,20800000,21700000,domain
chr1,21700000,22800000,domain
chr1,22800000,23400000,domain
chr1,23400000,24100000,domain
chr1,24100000,25500000,domain
chr1,25500000,26900000,domain
chr1,26900000,27600000,domain
chr1,27600000,29300000,domain
chr1,29300000,30500000,domain
chr1,30500000,32100000,domain
chr1,32100000,33100000,domain
chr1,33100000,34500000,domain
chr1,34500000,35300000,domain
chr1,35300000,36400000,domain
chr1,36400000,38900000,domain
chr1,38900000,39600000,domain
chr1,39600000,40300000,domain
chr1,40300000,41000000,domain
chr1,41000000,42700000,domain
chr1,42700000,45000000,domain
chr1,45000000,46000000,domain
chr1,46000000,46700000,domain
chr1,46700000,47900000,domain
chr1,47900000,49500000,domain
chr1,49500000,51200000,domain
chr1,51200000,53100000,domain
chr1,53100000,54400000,domain
chr1,54400000,55300000,domain
chr1,55300000,56600000,domain
chr1,56600000,57300000,domain
chr1,57300000,58000000,domain
chr1,58000000,59300000,domain
chr1,59300000,60400000,domain
chr1,60400000,61200000,domain
chr1,61200000,62300000,domain
chr1,62300000,64400000,domain
chr1,64400000,65000000,domain
chr1,65000000,67200000,domain
chr1,67200000,70300000,domain
chr1,70300000,72600000,domain
chr1,72600000,73200000,domain
chr1,73200000,73800000,domain
chr1,73800000,74600000,domain
chr1,74600000,75700000,domain
chr1,75700000,78000000,domain
chr1,78000000,79500000,domain
chr1,79500000,80500000,domain
chr1,80500000,81300000,domain
chr1,81300000,82800000,domain
chr1,82800000,84200000,domain
chr1,84200000,85400000,domain
chr1,85400000,86200000,domain
chr1,86200000,87000000,domain
chr1,87000000,88100000,domain
chr1,88100000,89400000,domain
chr1,89400000,91100000,domain
chr1,91100000,92300000,domain
chr1,92300000,93900000,domain
chr1,93900000,95100000,domain
chr1,95100000,95700000,domain
chr1,95700000,97700000,domain
chr1,97700000,99900000,domain
chr1,99900000,102500000,domain
chr1,102500000,103800000,domain
chr1,103800000,105600000,domain
chr1,105600000,107500000,domain
chr1,107500000,108700000,domain
chr1,108700000,109800000,domain
chr1,109800000,110900000,domain
chr1,110900000,111700000,domain
chr1,111700000,113800000,domain
chr1,113800000,114300000,domain
chr1,114300000,114800000,domain
chr1,114800000,116200000,domain
chr1,116200000,117600000,domain
chr1,117600000,118400000,domain
chr1,118400000,119800000,domain
chr1,119800000,121200000,domain
chr1,121200000,122500000,domain
chr1,122500000,123700000,domain
chr1,123700000,124700000,domain
chr1,124700000,125600000,domain
chr1,125600000,128300000,domain
chr1,128300000,130200000,domain
chr1,130200000,131700000,domain
chr1,131700000,133100000,domain
chr1,133100000,134600000,domain
chr1,134600000,136100000,domain
chr1,136100000,137400000,domain
chr1,137400000,139000000,domain
chr1,139000000,139800000,domain
chr1,139800000,141100000,domain
chr1,141100000,143000000,domain
chr1,143000000,144600000,domain
chr1,144600000,145800000,domain
chr1,145800000,147300000,domain
chr1,147300000,148500000,domain
chr1,148500000,149200000,domain
chr1,149200000,150800000,domain
chr1,150800000,151500000,domain
chr1,151500000,153800000,domain
chr1,153800000,155000000,domain
chr1,155000000,156900000,domain
chr1,156900000,157600000,domain
chr1,157600000,158800000,domain
chr1,158800000,160400000,domain
chr1,160400000,161200000,domain
chr1,161200000,161900000,domain
chr1,161900000,163200000,domain
chr1,163200000,164000000,domain
chr1,164000000,165400000,domain
chr1,165400000,167100000,domain
chr1,167100000,168900000,domain
chr1,168900000,169800000,domain
chr1,169800000,170700000,domain
chr1,170700000,172700000,domain
chr1,172700000,174100000,domain
chr1,174100000,175800000,domain
chr1,175800000,177400000,domain
chr1,177400000,178300000,domain
chr1,178300000,180900000,domain
chr1,180900000,182500000,domain
chr1,182500000,183500000,domain
chr1,183500000,184100000,domain
chr1,184100000,185100000,domain
chr1,185100000,186400000,domain
chr1,186400000,187100000,domain
chr1,187100000,187900000,domain
chr1,187900000,189000000,domain
chr1,189000000,189900000,domain
chr1,189900000,191100000,domain
chr1,191100000,192000000,domain
chr1,192000000,192800000,domain
chr1,192800000,194100000,domain
chr1,194100000,195600000,domain
chr1,195600000,196700000,domain
chr1,196700000,197600000,domain
chr1,197600000,198200000,domain
chr1,198200000,198800000,domain
chr1,198800000,199900000,domain
chr1,199900000,202200000,domain
chr1,202200000,203600000,domain
chr1,203600000,205100000,domain
chr1,205100000,206400000,domain
chr1,206400000,207100000,domain
chr1,207100000,208700000,domain
chr1,208700000,209500000,domain
chr1,209500000,210800000,domain
chr20,0,0,gap
chr20,0,1100000,domain
chr20,1100000,2400000,domain
chr20,2400000,4000000,domain
chr20,4000000,4600000,domain
chr20,4600000,5200000,domain
chr20,5200000,6000000,domain
chr20,6000000,7800000,domain
chr20,7800000,8700000,domain
chr20,8700000,10400000,domain
chr20,10400000,11500000,domain
chr20,11500000,12800000,domain
chr20,12800000,14000000,domain
chr20,14000000,15600000,domain
chr20,15600000,16700000,domain
chr20,16700000,17300000,domain
chr20,17300000,18200000,domain
chr20,18200000,19600000,domain
chr20,19600000,20700000,domain
chr20,20700000,21500000,domain
chr20,21500000,22200000,domain
chr20,22200000,23600000,domain
chr20,23600000,24800000,domain
chr20,24800000,25600000,domain
chr20,25600000,26900000,domain
chr20,26900000,27600000,domain
chr20,27600000,29500000,domain
chr20,29500000,30100000,domain
chr20,30100000,31300000,domain
chr20,31300000,32700000,domain
chr20,32700000,34600000,domain
chr20,34600000,35300000,domain
chr20,35300000,36900000,domain
chr20,36900000,37500000,domain
chr20,37500000,39200000,domain
chr20,39200000,40300000,domain
chr20,40300000,40800000,domain
chr20,40800000,41600000,domain
chr20,41600000,42700000,domain
chr20,42700000,43500000,domain
chr20,43500000,44700000,domain
chr20,44700000,46000000,domain
chr20,46000000,46700000,domain
chr20,46700000,47300000,domain
chr20,47300000,48800000,domain
chr20,48800000,49900000,domain
chr20,49900000,50600000,domain
chr20,50600000,52300000,domain
chr20,52300000,54300000,domain
chr20,54300000,55900000,domain
chr20,55900000,56700000,domain
chr21,0,9400000,gap
chr21,9400000,11200000,domain
chr21,11200000,14300000,gap
chr21,14300000,15600000,domain
chr21,15600000,16300000,domain
chr21,16300000,17400000,domain
chr21,17400000,18700000,domain
chr21,18700000,19600000,domain
chr21,19600000,22300000,domain
chr21,22300000,24200000,domain
chr21,24200000,26900000,domain
chr21,26900000,28000000,domain
chr21,28000000,30100000,domain
chr21,30100000,31200000,domain
chr21,31200000,32300000,domain
chr21,32300000,33000000,domain
chr21,33000000,33700000,domain
chr21,33700000,35200000,domain
chr21,35200000,36600000,domain
chr21,36600000,37300000,domain
chr21,37300000,37900000,domain
chr21,37900000,38700000,domain
chr21,38700000,39800000,domain
chr21,39800000,41400000,domain
chr21,41400000,42100000,domain
chr21,42100000,42900000,domain
chr21,42900000,44500000,domain
chr21,44500000,45200000,domain
chr22,0,16000000,gap
chr22,16000000,16700000,domain
chr22,16700000,16800000,gap
chr22,16800000,18800000,domain
chr22,18800000,20500000,domain
chr22,20500000,21700000,domain
chr22,21700000,24000000,domain
chr22,24000000,25000000,domain
chr22,25000000,27100000,domain
chr22,27100000,28200000,domain
chr22,28200000,29000000,domain
chr22,29000000,29700000,domain
chr22,29700000,30800000,domain
chr22,30800000,31700000,domain
chr22,31700000,33600000,domain
chr22,33600000,34400000,domain
chr22,34400000,35600000,domain
chr22,35600000,36900000,domain
chr22,36900000,37500000,domain
chr22,37500000,38900000,domain
chr22,38900000,39700000,domain
chr22,39700000,40500000,domain
chr22,40500000,41800000,domain
chr22,41800000,42800000,domain
chr22,42800000,43400000,domain
chr22,43400000,44100000,domain
chr22,44100000,45000000,domain
chr22,45000000,47400000,domain
chr22,47400000,48700000,domain
chr22,48700000,49900000,domain
chr22,49900000,51100000,domain
chr2,0,0,gap
chr2,0,700000,domain
chr2,700000,1800000,domain
chr2,1800000,3800000,domain
chr2,3800000,7000000,domain
chr2,7000000,8200000,domain
chr2,8200000,8900000,domain
chr2,8900000,10300000,domain
chr2,10300000,11400000,domain
chr2,11400000,14000000,domain
chr2,14000000,14900000,domain
chr2,14900000,15800000,domain
chr2,15800000,16800000,domain
chr2,16800000,18600000,domain
chr2,18600000,21300000,domain
chr2,21300000,22700000,domain
chr2,22700000,24600000,domain
chr2,24600000,25400000,domain
chr2,25400000,26600000,domain
chr2,26600000,27700000,domain
chr2,27700000,28800000,domain
chr2,28800000,29800000,domain
chr2,29800000,31600000,domain
chr2,31600000,32900000,domain
chr2,32900000,35900000,domain
chr2,35900000,36800000,domain
chr2,36800000,38700000,domain
chr2,38700000,39300000,domain
chr2,39300000,40500000,domain
chr2,40500000,41100000,domain
chr2,41100000,42600000,domain
chr2,42600000,43600000,domain
chr2,43600000,44600000,domain
chr2,44600000,47600000,domain
chr2,47600000,48600000,domain
chr2,48600000,49500000,domain
chr2,49500000,51400000,domain
chr2,51400000,52300000,domain
chr2,52300000,54500000,domain
chr2,54500000,55600000,domain
chr2,55600000,58200000,domain
chr2,58200000,60600000,domain
chr2,60600000,62000000,domain
chr2,62000000,62800000,domain
chr2,62800000,63500000,domain
chr2,63500000,65400000,domain
chr2,65400000,66300000,domain
chr2,66300000,67400000,domain
chr2,67400000,68500000,domain
chr2,68500000,70900000,domain
chr2,70900000,71700000,domain
chr2,71700000,72900000,domain
chr2,72900000,76100000,domain
chr2,76100000,77100000,domain
chr2,77100000,78000000,domain
chr2,78000000,79100000,domain
chr2,79100000,79800000,domain
chr2,79800000,80600000,domain
chr2,80600000,81500000,domain
chr2,81500000,82500000,domain
chr2,82500000,83200000,domain
chr2,83200000,84200000,domain
chr2,84200000,85600000,domain
chr2,85600000,87800000,domain
chr2,87800000,89200000,domain
chr2,89200000,90700000,domain
chr2,90700000,91400000,domain
chr2,91400000,92200000,domain
chr2,92200000,92900000,domain
chr2,92900000,94200000,domain
chr2,94200000,98500000,domain
chr2,98500000,100000000,domain
chr2,100000000,100800000,domain
chr2,100800000,101700000,domain
chr2,101700000,102300000,domain
chr2,102300000,104400000,domain
chr2,104400000,107500000,domain
chr2,107500000,108600000,domain
chr2,108600000,110300000,domain
chr2,110300000,111500000,domain
chr2,111500000,113100000,domain
chr2,113100000,114000000,domain
chr2,114000000,114900000,domain
chr2,114900000,116400000,domain
chr2,116400000,117400000,domain
chr2,117400000,121600000,domain
chr2,121600000,123300000,domain
chr2,123300000,124400000,domain
chr2,124400000,125300000,domain
chr2,125300000,126500000,domain
chr2,126500000,127500000,domain
chr2,127500000,128200000,domain
chr2,128200000,129800000,domain
chr2,129800000,130600000,domain
chr2,130600000,131300000,domain
chr2,131300000,132900000,domain
chr2,132900000,133900000,domain
chr2,133900000,134600000,domain
chr2,134600000,135800000,domain
chr2,135800000,137400000,domain
chr2,137400000,138600000,domain
chr2,138600000,140000000,domain
chr2,140000000,140900000,domain
chr2,140900000,141700000,domain
chr2,141700000,143200000,domain
chr2,143200000,144900000,domain
chr2,144900000,146700000,domain
chr2,146700000,147800000,domain
chr2,147800000,149400000,domain
chr2,149400000,150000000,domain
chr2,150000000,151200000,domain
chr2,151200000,153000000,domain
chr2,153000000,154400000,domain
chr2,154400000,156100000,domain
chr2,156100000,158300000,domain
chr2,158300000,159300000,domain
chr2,159300000,160400000,domain
chr2,160400000,161500000,domain
chr2,161500000,163500000,domain
chr2,163500000,165000000,domain
chr2,165000000,165900000,domain
chr2,165900000,166800000,domain
chr2,166800000,167900000,domain
chr2,167900000,169300000,domain
chr2,169300000,170600000,domain
chr2,170600000,174300000,domain
chr2,174300000,176300000,domain
chr2,176300000,177800000,domain
chr2,177800000,178700000,domain
chr2,178700000,180200000,domain
chr2,180200000,182000000,domain
chr2,182000000,183800000,domain
chr2,183800000,185400000,domain
chr2,185400000,186200000,domain
chr2,186200000,187100000,domain
chr2,187100000,188300000,domain
chr2,188300000,189300000,domain
chr2,189300000,190500000,domain
chr2,190500000,191100000,domain
chr2,191100000,192200000,domain
chr2,192200000,193200000,domain
chr2,193200000,193900000,domain
chr2,193900000,195700000,domain
chr2,195700000,196600000,domain
chr2,196600000,199100000,domain
chr2,199100000,200000000,domain
chr2,200000000,200700000,domain
chr2,200700000,202100000,domain
chr2,202100000,202800000,domain
chr2,202800000,204200000,domain
chr2,204200000,205000000,domain
chr2,205000000,206800000,domain
chr2,206800000,207400000,domain
chr2,207400000,208700000,domain
chr2,208700000,209800000,domain
chr2,209800000,210600000,domain
chr2,210600000,212300000,domain
chr2,212300000,213500000,domain
chr2,213500000,214300000,domain
chr2,214300000,216000000,domain
chr2,216000000,217900000,domain
chr3,0,0,gap
chr3,0,500000,domain
chr3,500000,2000000,domain
chr3,2000000,3000000,domain
chr3,3000000,4600000,domain
chr3,4600000,6400000,domain
chr3,6400000,8400000,domain
chr3,8400000,9100000,domain
chr3,9100000,10600000,domain
chr3,10600000,11500000,domain
chr3,11500000,12300000,domain
chr3,12300000,13500000,domain
chr3,13500000,14200000,domain
chr3,14200000,15900000,domain
chr3,15900000,17300000,domain
chr3,17300000,19800000,domain
chr3,19800000,20800000,domain
chr3,20800000,22300000,domain
chr3,22300000,22900000,domain
chr3,22900000,23900000,domain
chr3,23900000,25200000,domain
chr3,25200000,26900000,domain
chr3,26900000,27600000,domain
chr3,27600000,29700000,domain
chr3,29700000,30400000,domain
chr3,30400000,32500000,domain
chr3,32500000,33300000,domain
chr3,33300000,33900000,domain
chr3,33900000,34500000,domain
chr3,34500000,35500000,domain
chr3,35500000,36500000,domain
chr3,36500000,38800000,domain
chr3,38800000,39600000,domain
chr3,39600000,40300000,domain
chr3,40300000,41300000,domain
chr3,41300000,41900000,domain
chr3,41900000,43000000,domain
chr3,43000000,44100000,domain
chr3,44100000,45500000,domain
chr3,45500000,48800000,domain
chr3,48800000,50200000,domain
chr3,50200000,51700000,domain
chr3,51700000,53200000,domain
chr3,53200000,54100000,domain
chr3,54100000,55700000,domain
chr3,55700000,56300000,domain
chr3,56300000,58000000,domain
chr3,58000000,58700000,domain
chr3,58700000,59700000,domain
chr3,59700000,60700000,domain
chr3,60700000,61700000,domain
chr3,61700000,63500000,domain
chr3,63500000,64800000,domain
chr3,64800000,66400000,domain
chr3,66400000,67700000,domain
chr3,67700000,68900000,domain
chr3,68900000,69800000,domain
chr3,69800000,71700000,domain
chr3,71700000,74500000,domain
chr3,74500000,75600000,domain
chr3,75600000,77200000,domain
chr3,77200000,78200000,domain
chr3,78200000,80000000,domain
chr3,80000000,81900000,domain
chr3,81900000,83000000,domain
chr3,83000000,83800000,domain
chr3,83800000,85000000,domain
chr3,85000000,85900000,domain
chr3,85900000,86900000,domain
chr3,86900000,87800000,domain
chr3,87800000,88700000,domain
chr3,88700000,90200000,domain
chr3,90200000,91700000,domain
chr3,91700000,93300000,domain
chr3,93300000,94700000,domain
chr3,94700000,98200000,domain
chr3,98200000,99800000,domain
chr3,99800000,101900000,domain
chr3,101900000,102800000,domain
chr3,102800000,103900000,domain
chr3,103900000,105300000,domain
chr3,105300000,107000000,domain
chr3,107000000,108000000,domain
chr3,108000000,109800000,domain
chr3,109800000,110400000,domain
chr3,110400000,111900000,domain
chr3,111900000,113000000,domain
chr3,113000000,115100000,domain
chr3,115100000,117300000,domain
chr3,117300000,118500000,domain
chr3,118500000,119600000,domain
chr3,119600000,120600000,domain
chr3,120600000,121900000,domain
chr3,121900000,123700000,domain
chr3,123700000,125400000,domain
chr3,125400000,126200000,domain
chr3,126200000,128000000,domain
chr3,128000000,129000000,domain
chr3,129000000,131200000,domain
chr3,131200000,133500000,domain
chr3,133500000,134300000,domain
chr3,134300000,135300000,domain
chr3,135300000,136600000,domain
chr3,136600000,138300000,domain
chr3,138300000,139600000,domain
chr3,139600000,141000000,domain
chr3,141000000,142200000,domain
chr3,142200000,142800000,domain
chr3,142800000,143700000,domain
chr3,143700000,145000000,domain
chr3,145000000,146500000,domain
chr3,146500000,149200000,domain
chr3,149200000,150100000,domain
chr3,150100000,151000000,domain
chr3,151000000,152100000,domain
chr3,152100000,152900000,domain
chr3,152900000,153900000,domain
chr3,153900000,158000000,domain
chr3,158000000,159500000,domain
chr3,159500000,160800000,domain
chr3,160800000,161800000,domain
chr3,161800000,163800000,domain
chr3,163800000,164900000,domain
chr3,164900000,166800000,domain
chr3,166800000,167900000,domain
chr3,167900000,169900000,domain
chr3,169900000,170700000,domain
chr3,170700000,171600000,domain
chr3,171600000,173200000,domain
chr3,173200000,174300000,domain
chr3,174300000,175100000,domain
chr3,175100000,176500000,domain
chr3,176500000,178100000,domain
chr3,178100000,178600000,domain
chr4,0,0,gap
chr4,0,700000,domain
chr4,700000,2100000,domain
chr4,2100000,3300000,domain
chr4,3300000,4200000,domain
chr4,4200000,5400000,domain
chr4,5400000,6600000,domain
chr4,6600000,7500000,domain
chr4,7500000,8400000,domain
chr4,8400000,11000000,domain
chr4,11000000,12200000,domain
chr4,12200000,13200000,domain
chr4,13200000,14900000,domain
chr4,14900000,16300000,domain
chr4,16300000,17500000,domain
chr4,17500000,19000000,domain
chr4,19000000,20400000,domain
chr4,20400000,21600000,domain
chr4,21600000,24200000,domain
chr4,24200000,28800000,domain
chr4,28800000,29900000,domain
chr4,29900000,31400000,domain
chr4,31400000,32000000,domain
chr4,32000000,32700000,domain
chr4,32700000,33800000,domain
chr4,33800000,35500000,domain
chr4,35500000,37500000,domain
chr4,37500000,38800000,domain
chr4,38800000,39600000,domain
chr4,39600000,41900000,domain
chr4,41900000,42700000,domain
chr4,42700000,44400000,domain
chr4,44400000,46500000,domain
chr4,46500000,47600000,domain
chr4,47600000,50000000,domain
chr4,50000000,51900000,domain
chr4,51900000,54600000,domain
chr4,54600000,55500000,domain
chr4,55500000,56400000,domain
chr4,56400000,57500000,domain
chr4,57500000,58100000,domain
chr4,58100000,58700000,domain
chr4,58700000,59300000,domain
chr4,59300000,60000000,domain
chr4,60000000,61700000,domain
chr4,61700000,63100000,domain
chr4,63100000,63900000,domain
chr4,63900000,65200000,domain
chr4,65200000,66500000,domain
chr4,66500000,67500000,domain
chr4,67500000,68500000,domain
chr4,68500000,69400000,domain
chr4,69400000,71000000,domain
chr4,71000000,72100000,domain
chr4,72100000,72900000,domain
chr4,72900000,74700000,domain
chr4,74700000,75900000,domain
chr4,75900000,77900000,domain
chr4,77900000,80600000,domain
chr4,80600000,81900000,domain
chr4,81900000,83600000,domain
chr4,83600000,85400000,domain
chr4,85400000,87700000,domain
chr4,87700000,88400000,domain
chr4,88400000,89200000,domain
chr4,89200000,91500000,domain
chr4,91500000,93200000,domain
chr4,93200000,93800000,domain
chr4,93800000,94500000,domain
chr4,94500000,95600000,domain
chr4,95600000,97100000,domain
chr4,97100000,98200000,domain
chr4,98200000,99000000,domain
chr4,99000000,99800000,domain
chr4,99800000,101000000,domain
chr4,101000000,101800000,domain
chr4,101800000,103200000,domain
chr4,103200000,104500000,domain
chr4,104500000,106100000,domain
chr4,106100000,107300000,domain
chr4,107300000,108700000,domain
chr4,108700000,109600000,domain
chr4,109600000,110800000,domain
chr4,110800000,111900000,domain
chr4,111900000,113500000,domain
chr4,113500000,115200000,domain
chr4,115200000,116900000,domain
chr4,116900000,119000000,domain
chr4,119000000,120900000,domain
chr4,120900000,121800000,domain
chr4,121800000,122900000,domain
chr4,122900000,123500000,domain
chr4,123500000,125100000,domain
chr4,125100000,126000000,domain
chr4,126000000,126900000,domain
chr4,126900000,127700000,domain
chr4,127700000,128700000,domain
chr4,128700000,129400000,domain
chr4,129400000,131000000,domain
chr4,131000000,132900000,domain
chr4,132900000,133900000,domain
chr4,133900000,135100000,domain
chr4,135100000,136200000,domain
chr4,136200000,137500000,domain
chr4,137500000,138700000,domain
chr4,138700000,140100000,domain
chr4,140100000,140900000,domain
chr4,140900000,142600000,domain
chr4,142600000,143800000,domain
chr4,143800000,146200000,domain
chr4,146200000,146900000,domain
chr4,146900000,147600000,domain
chr4,147600000,149500000,domain
chr4,149500000,150400000,domain
chr4,150400000,151000000,domain
chr4,151000000,152200000,domain
chr4,152200000,153300000,domain
chr4,153300000,154100000,domain
chr4,154100000,154700000,domain
chr4,154700000,155400000,domain
chr4,155400000,156800000,domain
chr4,156800000,158400000,domain
chr4,158400000,159700000,domain
chr4,159700000,161100000,domain
chr4,161100000,161900000,domain
chr4,161900000,164600000,domain
chr4,164600000,165300000,domain
chr4,165300000,166600000,domain
chr4,166600000,170300000,domain
chr5,0,0,gap
chr5,0,700000,domain
chr5,700000,1800000,domain
chr5,1800000,4600000,domain
chr5,4600000,6500000,domain
chr5,6500000,7600000,domain
chr5,7600000,9900000,domain
chr5,9900000,11300000,domain
chr5,11300000,13300000,domain
chr5,13300000,14300000,domain
chr5,14300000,15800000,domain
chr5,15800000,17500000,domain
chr5,17500000,20000000,domain
chr5,20000000,22900000,domain
chr5,22900000,25100000,domain
chr5,25100000,28300000,domain
chr5,28300000,29600000,domain
chr5,29600000,30400000,domain
chr5,30400000,31000000,domain
chr5,31000000,31700000,domain
chr5,31700000,32400000,domain
chr5,32400000,33000000,domain
chr5,33000000,34000000,domain
chr5,34000000,34700000,domain
chr5,34700000,36300000,domain
chr5,36300000,37400000,domain
chr5,37400000,38900000,domain
chr5,38900000,39600000,domain
chr5,39600000,40900000,domain
chr5,40900000,41700000,domain
chr5,41700000,42500000,domain
chr5,42500000,43800000,domain
chr5,43800000,44400000,domain
chr5,44400000,46600000,domain
chr5,46600000,47800000,domain
chr5,47800000,48700000,domain
chr5,48700000,49400000,domain
chr5,49400000,50700000,domain
chr5,50700000,51900000,domain
chr5,51900000,53200000,domain
chr5,53200000,54300000,domain
chr5,54300000,55500000,domain
chr5,55500000,57400000,domain
chr5,57400000,58200000,domain
chr5,58200000,59000000,domain
chr5,59000000,59600000,domain
chr5,59600000,60500000,domain
chr5,60500000,61700000,domain
chr5,61700000,62800000,domain
chr5,62800000,64900000,domain
chr5,64900000,66100000,domain
chr5,66100000,68200000,domain
chr5,68200000,69700000,domain
chr5,69700000,70400000,domain
chr5,70400000,71800000,domain
chr5,71800000,72700000,domain
chr5,72700000,73700000,domain
chr5,73700000,75000000,domain
chr5,75000000,78200000,domain
chr5,78200000,78800000,domain
chr5,78800000,80000000,domain
chr5,80000000,82000000,domain
chr5,82000000,82700000,domain
chr5,82700000,86700000,domain
chr5,86700000,88000000,domain
chr5,88000000,90000000,domain
chr5,90000000,90800000,domain
chr5,90800000,92900000,domain
chr5,92900000,94000000,domain
chr5,94000000,95500000,domain
chr5,95500000,97300000,domain
chr5,97300000,98700000,domain
chr5,98700000,99900000,domain
chr5,99900000,101000000,domain
chr5,101000000,102500000,domain
chr5,102500000,103300000,domain
chr5,103300000,104000000,domain
chr5,104000000,105500000,domain
chr5,105500000,106400000,domain
chr5,106400000,107700000,domain
chr5,107700000,109200000,domain
chr5,109200000,109900000,domain
chr5,109900000,110800000,domain
chr5,110800000,112300000,domain
chr5,112300000,113800000,domain
chr5,113800000,116400000,domain
chr5,116400000,117600000,domain
chr5,117600000,120000000,domain
chr5,120000000,122100000,domain
chr5,122100000,123100000,domain
chr5,123100000,126100000,domain
chr5,126100000,127000000,domain
chr5,127000000,127900000,domain
chr5,127900000,128800000,domain
chr5,128800000,129700000,domain
chr5,129700000,130400000,domain
chr5,130400000,132700000,domain
chr5,132700000,134100000,domain
chr5,134100000,135400000,domain
chr5,135400000,136500000,domain
chr5,136500000,138000000,domain
chr5,138000000,140400000,domain
chr5,140400000,141500000,domain
chr5,141500000,142400000,domain
chr5,142400000,143700000,domain
chr5,143700000,145400000,domain
chr5,145400000,146500000,domain
chr5,146500000,147500000,domain
chr5,147500000,150100000,domain
chr5,150100000,151800000,domain
chr5,151800000,153300000,domain
chr5,153300000,157000000,domain
chr5,157000000,158500000,domain
chr5,158500000,160300000,domain
chr6,0,0,gap
chr6,0,400000,domain
chr6,400000,1100000,domain
chr6,1100000,2400000,domain
chr6,2400000,3700000,domain
chr6,3700000,4600000,domain
chr6,4600000,6000000,domain
chr6,6000000,7300000,domain
chr6,7300000,9400000,domain
chr6,9400000,10100000,domain
chr6,10100000,11600000,domain
chr6,11600000,13000000,domain
chr6,13000000,13700000,domain
chr6,13700000,14200000,domain
chr6,14200000,15800000,domain
chr6,15800000,17300000,domain
chr6,17300000,18800000,domain
chr6,18800000,21600000,domain
chr6,21600000,23100000,domain
chr6,23100000,24300000,domain
chr6,24300000,26100000,domain
chr6,26100000,27000000,domain
chr6,27000000,27600000,domain
chr6,27600000,28700000,domain
chr6,28700000,31100000,domain
chr6,31100000,32200000,domain
chr6,32200000,33300000,domain
chr6,33300000,34900000,domain
chr6,34900000,35900000,domain
chr6,35900000,37600000,domain
chr6,37600000,38700000,domain
chr6,38700000,39400000,domain
chr6,39400000,41000000,domain
chr6,41000000,41600000,domain
chr6,41600000,42300000,domain
chr6,42300000,43600000,domain
chr6,43600000,45000000,domain
chr6,45000000,46500000,domain
chr6,46500000,47600000,domain
chr6,47600000,49000000,domain
chr6,49000000,50200000,domain
chr6,50200000,51200000,domain
chr6,51200000,52600000,domain
chr6,52600000,54300000,domain
chr6,54300000,55600000,domain
chr6,55600000,56700000,domain
chr6,56700000,57300000,domain
chr6,57300000,58200000,domain
chr6,58200000,59400000,domain
chr6,59400000,60800000,domain
chr6,60800000,62300000,domain
chr6,62300000,63000000,domain
chr6,63000000,65900000,domain
chr6,65900000,67000000,domain
chr6,67000000,69300000,domain
chr6,69300000,70700000,domain
chr6,70700000,71400000,domain
chr6,71400000,72400000,domain
chr6,72400000,74100000,domain
chr6,74100000,76100000,domain
chr6,76100000,76800000,domain
chr6,76800000,77600000,domain
chr6,77600000,79800000,domain
chr6,79800000,81900000,domain
chr6,81900000,83900000,domain
chr6,83900000,85700000,domain
chr6,85700000,86300000,domain
chr6,86300000,87400000,domain
chr6,87400000,89900000,domain
chr6,89900000,90900000,domain
chr6,90900000,92400000,domain
chr6,92400000,93000000,domain
chr6,93000000,93800000,domain
chr6,93800000,95000000,domain
chr6,95000000,96400000,domain
chr6,96400000,97800000,domain
chr6,97800000,99700000,domain
chr6,99700000,101700000,domain
chr6,101700000,102500000,domain
chr6,102500000,103600000,domain
chr6,103600000,104800000,domain
chr6,104800000,106200000,domain
chr6,106200000,108000000,domain
chr6,108000000,109100000,domain
chr6,109100000,110800000,domain
chr6,110800000,111700000,domain
chr6,111700000,113400000,domain
chr6,113400000,115100000,domain
chr6,115100000,115800000,domain
chr6,115800000,117400000,domain
chr6,117400000,118600000,domain
chr6,118600000,119600000,domain
chr6,119600000,120700000,domain
chr6,120700000,121200000,domain
chr6,121200000,122200000,domain
chr6,122200000,123200000,domain
chr6,123200000,124600000,domain
chr6,124600000,127600000,domain
chr6,127600000,128600000,domain
chr6,128600000,129200000,domain
chr6,129200000,130900000,domain
chr6,130900000,131700000,domain
chr6,131700000,133400000,domain
chr6,133400000,133900000,domain
chr6,133900000,136100000,domain
chr6,136100000,137100000,domain
chr6,137100000,138600000,domain
chr6,138600000,139800000,domain
chr6,139800000,141000000,domain
chr6,141000000,141900000,domain
chr6,141900000,142500000,domain
chr6,142500000,143300000,domain
chr6,143300000,143900000,domain
chr6,143900000,144800000,domain
chr6,144800000,145600000,domain
chr6,145600000,147200000,domain
chr6,147200000,148200000,domain
chr6,148200000,149400000,domain
chr6,149400000,151400000,domain
chr6,151400000,152100000,domain
chr6,152100000,153800000,domain
chr6,153800000,154500000,domain
chr7,0,0,gap
chr7,0,2000000,domain
chr7,2000000,3600000,domain
chr7,3600000,4400000,domain
chr7,4400000,5300000,domain
chr7,5300000,5900000,domain
chr7,5900000,6600000,domain
chr7,6600000,9600000,domain
chr7,9600000,10700000,domain
chr7,10700000,11500000,domain
chr7,11500000,13300000,domain
chr7,13300000,15100000,domain
chr7,15100000,15900000,domain
chr7,15900000,17900000,domain
chr7,17900000,18900000,domain
chr7,18900000,20300000,domain
chr7,20300000,22000000,domain
chr7,22000000,23300000,domain
chr7,23300000,24000000,domain
chr7,24000000,24600000,domain
chr7,24600000,25200000,domain
chr7,25200000,26100000,domain
chr7,26100000,26700000,domain
chr7,26700000,27700000,domain
chr7,27700000,28400000,domain
chr7,28400000,30000000,domain
chr7,30000000,30600000,domain
chr7,30600000,31500000,domain
chr7,31500000,32500000,domain
chr7,32500000,33700000,domain
chr7,33700000,35600000,domain
chr7,35600000,36800000,domain
chr7,36800000,37400000,domain
chr7,37400000,39200000,domain
chr7,39200000,40100000,domain
chr7,40100000,40900000,domain
chr7,40900000,41900000,domain
chr7,41900000,43300000,domain
chr7,43300000,44100000,domain
chr7,44100000,44800000,domain
chr7,44800000,45800000,domain
chr7,45800000,47200000,domain
chr7,47200000,50400000,domain
chr7,50400000,51200000,domain
chr7,51200000,52600000,domain
chr7,52600000,54300000,domain
chr7,54300000,55800000,domain
chr7,55800000,58400000,domain
chr7,58400000,59100000,domain
chr7,59100000,61100000,domain
chr7,61100000,62500000,domain
chr7,62500000,63500000,domain
chr7,63500000,64400000,domain
chr7,64400000,65600000,domain
chr7,65600000,66300000,domain
chr7,66300000,67800000,domain
chr7,67800000,68400000,domain
chr7,68400000,69100000,domain
chr7,69100000,70300000,domain
chr7,70300000,71300000,domain
chr7,71300000,72200000,domain
chr7,72200000,72900000,domain
chr7,72900000,74600000,domain
chr7,74600000,76400000,domain
chr7,76400000,77400000,domain
chr7,77400000,78200000,domain
chr7,78200000,78800000,domain
chr7,78800000,79600000,domain
chr7,79600000,80800000,domain
chr7,80800000,82200000,domain
chr7,82200000,83400000,domain
chr7,83400000,84200000,domain
chr7,84200000,85000000,domain
chr7,85000000,86000000,domain
chr7,86000000,87700000,domain
chr7,87700000,89700000,domain
chr7,89700000,90400000,domain
chr7,90400000,93000000,domain
chr7,93000000,96100000,domain
chr7,96100000,96800000,domain
chr7,96800000,98100000,domain
chr7,98100000,100400000,domain
chr7,100400000,101200000,domain
chr7,101200000,102600000,domain
chr7,102600000,103600000,domain
chr7,103600000,105100000,domain
chr7,105100000,106400000,domain
chr7,106400000,107800000,domain
chr7,107800000,109300000,domain
chr7,109300000,110100000,domain
chr7,110100000,111700000,domain
chr7,111700000,112700000,domain
chr7,112700000,113700000,domain
chr7,113700000,114400000,domain
chr7,114400000,114900000,domain
chr7,114900000,116000000,domain
chr7,116000000,117800000,domain
chr7,117800000,118400000,domain
chr7,118400000,120600000,domain
chr7,120600000,122400000,domain
chr7,122400000,125200000,domain
chr7,125200000,126400000,domain
chr7,126400000,128200000,domain
chr7,128200000,130200000,domain
chr7,130200000,131700000,domain
chr7,131700000,132400000,domain
chr7,132400000,133900000,domain
chr7,133900000,135600000,domain
chr7,135600000,136600000,domain
chr7,136600000,138200000,domain
chr7,138200000,139300000,domain
chr7,139300000,140100000,domain
chr8,0,0,gap
chr8,0,1900000,domain
chr8,1900000,4700000,domain
chr8,4700000,5900000,domain
chr8,5900000,6700000,domain
chr8,6700000,8200000,domain
chr8,8200000,9900000,domain
chr8,9900000,11000000,domain
chr8,11000000,14500000,domain
chr8,14500000,15200000,domain
chr8,15200000,16100000,domain
chr8,16100000,17500000,domain
chr8,17500000,19400000,domain
chr8,19400000,21100000,domain
chr8,21100000,22600000,domain
chr8,22600000,23300000,domain
chr8,23300000,24600000,domain
chr8,24600000,25800000,domain
chr8,25800000,27100000,domain
chr8,27100000,28200000,domain
chr8,28200000,29600000,domain
chr8,29600000,31300000,domain
chr8,31300000,32200000,domain
chr8,32200000,32900000,domain
chr8,32900000,34200000,domain
chr8,34200000,35400000,domain
chr8,35400000,36900000,domain
chr8,36900000,38600000,domain
chr8,38600000,39400000,domain
chr8,39400000,43100000,domain
chr8,43100000,44700000,domain
chr8,44700000,46000000,domain
chr8,46000000,46800000,domain
chr8,46800000,47900000,domain
chr8,47900000,49200000,domain
chr8,49200000,50900000,domain
chr8,50900000,52000000,domain
chr8,52000000,53500000,domain
chr8,53500000,54700000,domain
chr8,54700000,55900000,domain
chr8,55900000,58600000,domain
chr8,58600000,59700000,domain
chr8,59700000,60800000,domain
chr8,60800000,61900000,domain
chr8,61900000,62400000,domain
chr8,62400000,63400000,domain
chr8,63400000,64400000,domain
chr8,64400000,65400000,domain
chr8,65400000,66400000,domain
chr8,66400000,67600000,domain
chr8,67600000,68500000,domain
chr8,68500000,69700000,domain
chr8,69700000,70500000,domain
chr8,70500000,71800000,domain
chr8,71800000,74700000,domain
chr8,74700000,76500000,domain
chr8,76500000,79400000,domain
chr8,79400000,81100000,domain
chr8,81100000,83300000,domain
chr8,83300000,84700000,domain
chr8,84700000,85700000,domain
chr8,85700000,87500000,domain
chr8,87500000,89800000,domain
chr8,89800000,90900000,domain
chr8,90900000,91700000,domain
chr8,91700000,92800000,domain
chr8,92800000,93800000,domain
chr8,93800000,94900000,domain
chr8,94900000,95800000,domain
chr8,95800000,96800000,domain
chr8,96800000,100700000,domain
chr8,100700000,101400000,domain
chr8,101400000,102600000,domain
chr8,102600000,105200000,domain
chr8,105200000,107700000,domain
chr8,107700000,108900000,domain
chr8,108900000,110600000,domain
chr8,110600000,111500000,domain
chr8,111500000,112200000,domain
chr8,112200000,112800000,domain
chr8,112800000,113900000,domain
chr8,113900000,114500000,domain
chr8,114500000,116100000,domain
chr8,116100000,117000000,domain
chr8,117000000,119500000,domain
chr8,119500000,120500000,domain
chr8,120500000,122400000,domain
chr8,122400000,124300000,domain
chr8,124300000,126700000,domain
chr8,126700000,128000000,domain
chr8,128000000,128700000,domain
chr8,128700000,129800000,domain
chr8,129800000,130400000,domain
chr9,0,0,gap
chr9,0,1100000,domain
chr9,1100000,2200000,domain
chr9,2200000,2900000,domain
chr9,2900000,4300000,domain
chr9,4300000,5700000,domain
chr9,5700000,6800000,domain
chr9,6800000,9900000,domain
chr9,9900000,12400000,domain
chr9,12400000,13100000,domain
chr9,13100000,15000000,domain
chr9,15000000,15700000,domain
chr9,15700000,17400000,domain
chr9,17400000,18200000,domain
chr9,18200000,19400000,domain
chr9,19400000,21100000,domain
chr9,21100000,22400000,domain
chr9,22400000,26500000,domain
chr9,26500000,30900000,domain
chr9,30900000,32200000,domain
chr9,32200000,33100000,domain
chr9,33100000,34400000,domain
chr9,34400000,35300000,domain
chr9,35300000,36500000,domain
chr9,36500000,38100000,domain
chr9,38100000,38600000,domain
chr9,38600000,39300000,domain
chr9,39300000,39600000,domain
chr9,39600000,39900000,domain
chr9,39900000,40200000,domain
chr9,40200000,40600000,domain
chr9,40600000,41100000,domain
chr9,41100000,41400000,domain
chr9,41400000,41900000,domain
chr9,41900000,42800000,domain
chr9,42800000,44100000,domain
chr9,44100000,44800000,domain
chr9,44800000,45500000,domain
chr9,45500000,47700000,domain
chr9,47700000,49500000,domain
chr9,49500000,50100000,domain
chr9,50100000,51000000,domain
chr9,51000000,51900000,domain
chr9,51900000,53200000,domain
chr9,53200000,54100000,domain
chr9,54100000,54900000,domain
chr9,54900000,58100000,domain
chr9,58100000,59200000,domain
chr9,59200000,61200000,domain
chr9,61200000,62600000,domain
chr9,62600000,64000000,domain
chr9,64000000,65400000,domain
chr9,65400000,66600000,domain
chr9,66600000,67300000,domain
chr9,67300000,68900000,domain
chr9,68900000,69600000,domain
chr9,69600000,70700000,domain
chr9,70700000,72400000,domain
chr9,72400000,73100000,domain
chr9,73100000,74300000,domain
chr9,74300000,75400000,domain
chr9,75400000,78500000,domain
chr9,78500000,79600000,domain
chr9,79600000,81200000,domain
chr9,81200000,82500000,domain
chr9,82500000,83100000,domain
chr9,83100000,84800000,domain
chr9,84800000,86500000,domain
chr9,86500000,87200000,domain
chr9,87200000,88100000,domain
chr9,88100000,89300000,domain
chr9,89300000,90100000,domain
chr9,90100000,92000000,domain
chr9,92000000,93100000,domain
chr9,93100000,93800000,domain
chr9,93800000,94400000,domain
chr9,94400000,95700000,domain
chr9,95700000,96200000,domain
chr9,96200000,97100000,domain
chr9,97100000,98800000,domain
chr9,98800000,99600000,domain
chr9,99600000,100700000,domain
chr9,100700000,101400000,domain
chr9,101400000,103000000,domain
chr9,103000000,106200000,domain
chr9,106200000,107400000,domain
chr9,107400000,108200000,domain
chrX,0,0,gap
chrX,0,900000,domain
chrX,900000,2400000,domain
chrX,2400000,3400000,domain
chrX,3400000,5400000,domain
chrX,5400000,7300000,domain
chrX,7300000,8100000,domain
chrX,8100000,9100000,domain
chrX,9100000,10100000,domain
chrX,10100000,11600000,domain
chrX,11600000,13100000,domain
chrX,13100000,14500000,domain
chrX,14500000,16100000,domain
chrX,16100000,17700000,domain
chrX,17700000,19000000,domain
chrX,19000000,20900000,domain
chrX,20900000,22400000,domain
chrX,22400000,23700000,domain
chrX,23700000,24500000,domain
chrX,24500000,27100000,domain
chrX,27100000,29400000,domain
chrX,29400000,30500000,domain
chrX,30500000,31600000,domain
chrX,31600000,34100000,domain
chrX,34100000,36100000,domain
chrX,36100000,39000000,domain
chrX,39000000,40500000,domain
chrX,40500000,41900000,domain
chrX,41900000,42900000,domain
chrX,42900000,44800000,domain
chrX,44800000,46100000,domain
chrX,46100000,48000000,domain
chrX,48000000,49300000,domain
chrX,49300000,50800000,domain
chrX,50800000,53300000,domain
chrX,53300000,54500000,domain
chrX,54500000,55900000,domain
chrX,55900000,56900000,domain
chrX,56900000,57600000,domain
chrX,57600000,59300000,domain
chrX,59300000,61400000,domain
chrX,61400000,63200000,domain
chrX,63200000,64400000,domain
chrX,64400000,65100000,domain
chrX,65100000,66400000,domain
chrX,66400000,67600000,domain
chrX,67600000,68400000,domain
chrX,68400000,70900000,domain
chrX,70900000,71900000,domain
chrX,71900000,72600000,domain
chrX,72600000,74300000,domain
chrX,74300000,76100000,domain
chrX,76100000,83900000,domain
chrX,83900000,84700000,domain
chrX,84700000,85600000,domain
chrX,85600000,86100000,domain
chrX,86100000,87400000,domain
chrX,87400000,90000000,domain
chrX,90000000,91100000,domain
chrX,91100000,92400000,domain
chrX,92400000,93300000,domain
chrX,93300000,94400000,domain
chrX,94400000,95700000,domain
chrX,95700000,98500000,domain
chrX,98500000,100900000,domain
chrX,100900000,102100000,domain
chrX,102100000,103900000,domain
chrX,103900000,106400000,domain
chrX,106400000,111800000,domain
chrX,111800000,112700000,domain
chrX,112700000,113500000,domain
chrX,113500000,114300000,domain
chrX,114300000,116000000,domain
chrX,116000000,118500000,domain
chrX,118500000,119500000,domain
chrX,119500000,120200000,domain
chrX,120200000,121400000,domain
chrX,121400000,122100000,domain
chrX,122100000,125200000,domain
chrX,125200000,126100000,domain
chrX,126100000,128900000,domain
chrX,128900000,130400000,domain
chrX,130400000,131500000,domain
chrX,131500000,132400000,domain
chrX,132400000,133500000,domain
chrX,133500000,134200000,domain
chrX,134200000,134900000,domain
chrX,134900000,136000000,domain
